{
  "name": "ENTSOE \u2192 Forecast \u2192 Strategy \u2192 Order (dry-run)",
  "nodes": [
    {
      "parameters": {
        "url": "https://api.entsoe.eu/...",
        "options": {}
      },
      "id": "fetch-entsoe",
      "name": "HTTP Request (ENTSO-E)",
      "type": "n8n-nodes-base.httpRequest"
    },
    {
      "parameters": {
        "url": "http://localhost:9500/forecast/dayahead",
        "options": {},
        "jsonParameters": true,
        "optionsUi": {
          "bodyParametersJson": "{\"area\":\"AT\",\"assets\":[\"bess-01\"],\"horizon_h\":24,\"granularity_min\":15,\"features\":{\"entsoe_price\":true,\"entsoe_load\":true}}"
        }
      },
      "id": "forecast",
      "name": "HTTP Request (Forecast)",
      "type": "n8n-nodes-base.httpRequest"
    },
    {
      "parameters": {
        "functionCode": "return [{ json: { orders: [{market: 'EPEX_AT_INTRADAY_15MIN', side: 'BUY', qty: 1.0, limit: 72.0}] } }];"
      },
      "id": "strategy",
      "name": "Function (Strategy Heuristic)",
      "type": "n8n-nodes-base.function"
    },
    {
      "parameters": {
        "url": "http://localhost:9000/orders",
        "options": {},
        "jsonParameters": true,
        "optionsUi": {
          "bodyParametersJson": "{\"market\":\"EPEX_AT_INTRADAY_15MIN\",\"delivery_start\":\"2025-10-25T10:00:00Z\",\"delivery_end\":\"2025-10-25T10:15:00Z\",\"side\":\"BUY\",\"quantity_mwh\":1.0,\"limit_price_eur_mwh\":72.0,\"order_type\":\"LIMIT\",\"time_in_force\":\"IOC\"}"
        }
      },
      "id": "order-dryrun",
      "name": "HTTP Request (Exchange \u2013 dry-run)",
      "type": "n8n-nodes-base.httpRequest"
    }
  ],
  "connections": {
    "HTTP Request (ENTSO-E)": {
      "main": [
        [
          {
            "node": "HTTP Request (Forecast)",
            "type": "main",
            "index": 0
          }
        ]
      ]
    },
    "HTTP Request (Forecast)": {
      "main": [
        [
          {
            "node": "Function (Strategy Heuristic)",
            "type": "main",
            "index": 0
          }
        ]
      ]
    },
    "Function (Strategy Heuristic)": {
      "main": [
        [
          {
            "node": "HTTP Request (Exchange \u2013 dry-run)",
            "type": "main",
            "index": 0
          }
        ]
      ]
    }
  }
}